{
	"name": "fateroll",
	"title": "Roll of Fate",
	"description": "Blame PC deaths on the system",
	"version": "10.2",
	"author": "Handyfon#8390",
	"esmodules": ["fate.js"],
	"styles": ["fate.css"],
	 "socket": true,
    "url": "https://github.com/Handyfon/roll-of-fate/tree/master",
    "manifest": "https://raw.githubusercontent.com/Handyfon/roll-of-fate/master/module.json",
    "download": "https://github.com/Handyfon/roll-of-fate/raw/master/fate.zip",
	"compatibility": {
		"minimum": "10",
		"verified": "11"
	}
}